{
  "100": {
    "insert_time": 1.479804515838623,
    "k_results": {
      "1": {
        "avg_search_time": 0.03258538246154785,
        "avg_recall": 0.0,
        "num_queries": 1
      },
      "10": {
        "avg_search_time": 0.03327536582946777,
        "avg_recall": 0.0,
        "num_queries": 1
      },
      "50": {
        "avg_search_time": 0.029302358627319336,
        "avg_recall": 0.0,
        "num_queries": 1
      }
    }
  }
}