{
  "100": {
    "insert_time": 1.8415515422821045,
    "k_results": {
      "1": {
        "avg_search_time": 0.009427595138549804,
        "avg_recall": 0.0,
        "num_queries": 10
      },
      "5": {
        "avg_search_time": 0.009507226943969726,
        "avg_recall": 0.0,
        "num_queries": 10
      },
      "10": {
        "avg_search_time": 0.009717774391174317,
        "avg_recall": 0.0,
        "num_queries": 10
      },
      "20": {
        "avg_search_time": 0.008998298645019531,
        "avg_recall": 0.0,
        "num_queries": 10
      },
      "50": {
        "avg_search_time": 0.009163928031921387,
        "avg_recall": 0.0,
        "num_queries": 10
      }
    }
  }
}