{
  "1000": {
    "insertion": {
      "mean": 0.027458834648132324,
      "std": 0.007285314630568439,
      "min": 0.022806644439697266,
      "max": 0.22523164749145508,
      "p50": 0.026711225509643555,
      "p95": 0.03108553886413574,
      "p99": 0.04215511322021484
    },
    "search": {
      "1": {
        "mean": 0.018533928394317625,
        "std": 0.0024604421918741296,
        "min": 0.0147247314453125,
        "max": 0.03198695182800293,
        "p50": 0.018291234970092773,
        "p95": 0.021481096744537354,
        "p99": 0.029907724857330332
      },
      "5": {
        "mean": 0.01783775329589844,
        "std": 0.0012295794465155853,
        "min": 0.015664100646972656,
        "max": 0.022783279418945312,
        "p50": 0.01773679256439209,
        "p95": 0.019925010204315186,
        "p99": 0.0222727370262146
      },
      "10": {
        "mean": 0.017870049476623535,
        "std": 0.0016758084955414687,
        "min": 0.014982938766479492,
        "max": 0.02848505973815918,
        "p50": 0.017545342445373535,
        "p95": 0.02010132074356079,
        "p99": 0.023157763481140164
      },
      "20": {
        "mean": 0.017842168807983397,
        "std": 0.0014142113673724474,
        "min": 0.015684843063354492,
        "max": 0.0269014835357666,
        "p50": 0.017716288566589355,
        "p95": 0.019774758815765382,
        "p99": 0.020528554916381867
      },
      "50": {
        "mean": 0.018111374378204346,
        "std": 0.0013327179037594024,
        "min": 0.015752792358398438,
        "max": 0.022901535034179688,
        "p50": 0.017896413803100586,
        "p95": 0.02068384885787964,
        "p99": 0.021398940086364754
      }
    },
    "accuracy": {
      "1": {
        "recall": 0.0,
        "precision": 0.0
      },
      "5": {
        "recall": 0.0,
        "precision": 0.0
      },
      "10": {
        "recall": 0.0,
        "precision": 0.0
      },
      "20": {
        "recall": 0.0,
        "precision": 0.0
      },
      "50": {
        "recall": 0.0,
        "precision": 0.0
      }
    },
    "memory": {
      "mean": 138.47265625,
      "max": 138.47265625
    },
    "cpu": {
      "mean": 0.0,
      "max": 0.0
    },
    "errors": []
  }
}