{
  "100": {
    "insertion": {
      "mean": 0.0,
      "std": 0.0,
      "min": 0.0,
      "max": 0.0,
      "p50": 0.0,
      "p95": 0.0,
      "p99": 0.0
    },
    "search": {
      "1": {
        "mean": 0.0014739322662353515,
        "std": 0.00024632783450624,
        "min": 0.0010609626770019531,
        "max": 0.0024709701538085938,
        "p50": 0.0014458894729614258,
        "p95": 0.0019033551216125488,
        "p99": 0.002113614082336428
      },
      "5": {
        "mean": 0.0014962434768676757,
        "std": 0.0003129969376515794,
        "min": 0.0011093616485595703,
        "max": 0.0028858184814453125,
        "p50": 0.0014302730560302734,
        "p95": 0.0020829558372497557,
        "p99": 0.002785739898681641
      },
      "10": {
        "mean": 0.001599125862121582,
        "std": 0.0006977489521509383,
        "min": 0.001116037368774414,
        "max": 0.007759809494018555,
        "p50": 0.0014820098876953125,
        "p95": 0.002338290214538574,
        "p99": 0.0029296016693115485
      },
      "20": {
        "mean": 0.001445331573486328,
        "std": 0.00028558852581078313,
        "min": 0.0011053085327148438,
        "max": 0.0025653839111328125,
        "p50": 0.001373887062072754,
        "p95": 0.002109241485595703,
        "p99": 0.002402048110961915
      },
      "50": {
        "mean": 0.0016085100173950195,
        "std": 0.0005437660439529836,
        "min": 0.0011072158813476562,
        "max": 0.005503416061401367,
        "p50": 0.001471877098083496,
        "p95": 0.00226978063583374,
        "p99": 0.0038025522232055754
      }
    },
    "accuracy": {
      "1": {
        "recall": 0.0,
        "precision": 0.0
      },
      "5": {
        "recall": 0.0,
        "precision": 0.0
      },
      "10": {
        "recall": 0.0,
        "precision": 0.0
      },
      "20": {
        "recall": 0.0,
        "precision": 0.0
      },
      "50": {
        "recall": 0.0,
        "precision": 0.0
      }
    },
    "memory": {
      "mean": 136.58203125,
      "max": 136.58203125
    },
    "cpu": {
      "mean": 0.0,
      "max": 0.0
    },
    "errors": []
  }
}