{
  "1000": {
    "insert_time": 348.1458566188812,
    "k_results": {
      "1": {
        "avg_search_time": 0.024805357456207277,
        "avg_recall": 0.01,
        "num_queries": 100
      },
      "10": {
        "avg_search_time": 0.024177196025848387,
        "avg_recall": 0.035,
        "num_queries": 100
      },
      "50": {
        "avg_search_time": 0.024535884857177736,
        "avg_recall": 0.0854,
        "num_queries": 100
      }
    }
  }
}