{
  "1000": {
    "insertion": {
      "mean": 0.027534400939941406,
      "std": 0.00679968525375797,
      "min": 0.01864314079284668,
      "max": 0.1994953155517578,
      "p50": 0.026828646659851074,
      "p95": 0.030901110172271724,
      "p99": 0.03798289060592651
    },
    "search": {
      "1": {
        "mean": 0.0139664888381958,
        "std": 0.006216341312460562,
        "min": 0.011676788330078125,
        "max": 0.07512760162353516,
        "p50": 0.013390898704528809,
        "p95": 0.015253746509552002,
        "p99": 0.016644651889801326
      },
      "5": {
        "mean": 0.013243288993835449,
        "std": 0.0009265433028338552,
        "min": 0.011621713638305664,
        "max": 0.01583576202392578,
        "p50": 0.013049602508544922,
        "p95": 0.014831399917602538,
        "p99": 0.01568942070007324
      },
      "10": {
        "mean": 0.013274288177490235,
        "std": 0.0011226847766158655,
        "min": 0.011629343032836914,
        "max": 0.02020096778869629,
        "p50": 0.013107895851135254,
        "p95": 0.014711558818817139,
        "p99": 0.016384291648864766
      },
      "20": {
        "mean": 0.01352787971496582,
        "std": 0.0011016505984021124,
        "min": 0.011413097381591797,
        "max": 0.01760554313659668,
        "p50": 0.013472437858581543,
        "p95": 0.015474283695220947,
        "p99": 0.016025528907775886
      },
      "50": {
        "mean": 0.013998236656188965,
        "std": 0.001720799961873261,
        "min": 0.011641979217529297,
        "max": 0.02274775505065918,
        "p50": 0.013865113258361816,
        "p95": 0.01591358184814453,
        "p99": 0.021452398300170906
      }
    },
    "accuracy": {
      "1": {
        "recall": 0.0,
        "precision": 0.0
      },
      "5": {
        "recall": 0.0,
        "precision": 0.0
      },
      "10": {
        "recall": 0.0,
        "precision": 0.0
      },
      "20": {
        "recall": 0.0,
        "precision": 0.0
      },
      "50": {
        "recall": 0.0,
        "precision": 0.0
      }
    },
    "memory": {
      "mean": 137.9453125,
      "max": 137.9453125
    },
    "cpu": {
      "mean": 0.0,
      "max": 0.0
    },
    "errors": []
  }
}