{
  "100": {
    "insert_time": 1.8542988300323486,
    "k_results": {
      "1": {
        "avg_search_time": 12.06832218170166,
        "avg_recall": 1.0,
        "num_queries": 1
      },
      "10": {
        "avg_search_time": 12.140312194824219,
        "avg_recall": 1.0,
        "num_queries": 1
      },
      "50": {
        "avg_search_time": 12.131344079971313,
        "avg_recall": 0.8,
        "num_queries": 1
      }
    }
  }
}